country_iso3,country_name,country_group,year,fdi_net_inflow_usd,gdp_constant_2015_usd,gdp_current_usd,gdp_per_capita_usd,population,trade_pct_gdp
BRN,Brunei Darussalam,ASEAN,2000,549607250.0,12244033143.1515,6570999087.56742,20130.2572346624,326424.0,87.0553329877697
BRN,Brunei Darussalam,ASEAN,2001,60694643.6567848,12423538115.8353,6096155767.38145,18287.8272281914,333345.0,91.0997876196857
BRN,Brunei Darussalam,ASEAN,2002,229671955.675395,12915688987.5154,6333082875.56937,18621.2922577525,340099.0,93.2161814722477
BRN,Brunei Darussalam,ASEAN,2003,123820911.146426,13378513545.1324,7167725261.92713,20677.9001143188,346637.0,89.085616098756
BRN,Brunei Darussalam,ASEAN,2004,113205866.961457,13392499225.471,8619178773.51458,24423.0946995548,352911.0,84.8821666638192
BRN,Brunei Darussalam,ASEAN,2005,175068516.562807,13391973527.4748,10547202620.5286,29386.2703822862,358916.0,81.6201140155232
BRN,Brunei Darussalam,ASEAN,2006,87839128.3133848,13940831854.3091,12644616418.691,34674.7995236452,364663.0,81.5709547429689
BRN,Brunei Darussalam,ASEAN,2007,257635717.488309,13416151463.6479,13432029484.4012,36217.3290706015,370873.0,81.0114146368958
BRN,Brunei Darussalam,ASEAN,2008,222184549.489168,12892826165.4277,15926456515.0049,42156.5685838672,377793.0,89.7454253523344
BRN,Brunei Darussalam,ASEAN,2009,325586827.786628,12647829762.7913,11912904509.8582,30946.4673773828,384952.0,90.2870882587894
BRN,Brunei Darussalam,ASEAN,2010,480722550.0,12994552864.5932,13707121038.4383,34937.5555357155,392332.0,95.3715460226132
BRN,Brunei Darussalam,ASEAN,2011,691170270.0,13481121714.8966,18524791062.657,46382.8274255349,399389.0,99.5379309038179
BRN,Brunei Darussalam,ASEAN,2012,864905530.0,13604222581.2368,19048443340.7732,46968.5971164922,405557.0,105.640902140819
BRN,Brunei Darussalam,ASEAN,2013,775642000.0,13315162382.5279,18094148098.6536,44003.0644273461,411202.0,110.939599584216
BRN,Brunei Darussalam,ASEAN,2014,573906207.836338,12981233119.3701,17097797386.0336,41026.5084247957,416750.0,102.421000963035
BRN,Brunei Darussalam,ASEAN,2015,171289167.823994,12930296870.1247,12930296870.1247,30625.1287744656,422212.0,89.8961882533585
BRN,Brunei Darussalam,ASEAN,2016,-150550827.310312,12609894752.9469,11400266044.6651,26663.2972950602,427564.0,87.319801332806
BRN,Brunei Darussalam,ASEAN,2017,467927550.316566,12777445780.0952,12128168045.1245,28024.3824580252,432772.0,85.1768604269985
BRN,Brunei Darussalam,ASEAN,2018,516202620.629746,12784137461.5724,13566908391.0895,30988.1190267227,437810.0,93.8980617666778
BRN,Brunei Darussalam,ASEAN,2019,373256767.246304,13278735842.9555,13469235364.7032,30426.5730656528,442680.0,108.509658357959
BRN,Brunei Darussalam,ASEAN,2020,565542275.429332,13429260053.625,12005799653.9835,26834.3592233943,447404.0,110.291003658452
BRN,Brunei Darussalam,ASEAN,2021,206462739.392454,13215632407.1015,14006496617.4458,31006.9636289785,451721.0,147.123112375318
BRN,Brunei Darussalam,ASEAN,2022,-290169984.940837,13000438095.7254,16681536466.7183,36632.9280952155,455370.0,146.973965879597
BRN,Brunei Darussalam,ASEAN,2023,-55927970.3793758,13147036779.4979,15095084656.1634,32890.5491812019,458949.0,136.86343465048
BRN,Brunei Darussalam,ASEAN,2024,29063018.6489884,13679822692.2189,15340808592.48,33153.4738913513,462721.0,132.587439642245
CHN,China,PARTNER,2000,42095300000.0,2825096197799.54,1223754919971.05,969.199513696287,1262645000.0,39.0109424774998
CHN,China,PARTNER,2001,47053000000.0,3059936242478.58,1355036590251.52,1065.40597574519,1271850000.0,38.0826469518334
CHN,China,PARTNER,2002,53073618897.4036,3342778183071.46,1489821682050.54,1163.55957673426,1280400000.0,42.1944423387413
CHN,China,PARTNER,2003,57900937467.3864,3681006926650.74,1683903309843.85,1306.97245408557,1288400000.0,51.0774801301803
CHN,China,PARTNER,2004,68117272181.2194,4053944733453.66,1984196551300.44,1530.92726215723,1296075000.0,58.6403340408439
CHN,China,PARTNER,2005,104108693867.085,4518455387849.41,2317551298052.05,1777.64496828464,1303720000.0,61.3600749408237
CHN,China,PARTNER,2006,124082035618.505,5091154930758.42,2791498472804.33,2129.25696999613,1311020000.0,63.5695798621627
CHN,China,PARTNER,2007,156249335203.201,5811552614974.09,3604055822571.63,2734.72709877693,1317885000.0,61.2664640006176
CHN,China,PARTNER,2008,171534650311.568,6373544042638.01,4667346414521.95,3523.44302065213,1324655000.0,56.7111330003209
CHN,China,PARTNER,2009,131057052869.5,6972829250985.1,5189577094997.58,3898.24459158811,1331260000.0,44.4197644331119
CHN,China,PARTNER,2010,243703434558.177,7711689202853.29,6192564874453.29,4629.24551710077,1337705000.0,49.8540722338977
CHN,China,PARTNER,2011,280072219149.934,8441318020902.42,7671757207851.29,5703.76027973346,1345035000.0,49.9458272253643
CHN,China,PARTNER,2012,241213868161.42,9104482675356.36,8673664713189.24,6405.0574241349,1354190000.0,47.4802130784317
CHN,China,PARTNER,2013,290928431467.003,9812695262900.89,9743124247267.24,7147.03518622344,1363240000.0,45.9160413795571
CHN,China,PARTNER,2014,268097181064.335,10544908798424.0,10674533168257.4,7781.06597484974,1371860000.0,44.0684564812532
CHN,China,PARTNER,2015,242489331627.398,11280814787468.9,11280814787468.9,8175.33285077393,1379860000.0,38.6971848362625
CHN,China,PARTNER,2016,174749584584.05,12045152668727.3,11456024084962.0,8254.86859320357,1387790000.0,36.177170692978
CHN,China,PARTNER,2017,166083755721.648,12875216222853.4,12537559062282.9,8979.67652709856,1396215000.0,36.95085261586
CHN,China,PARTNER,2018,235365050036.341,13745158275136.7,14147765772963.8,10085.6638148819,1402760000.0,36.8943843914718
CHN,China,PARTNER,2019,187169822364.755,14579283528148.4,14560167101283.4,10342.9009524335,1407745000.0,35.1994202738836
CHN,China,PARTNER,2020,253095616058.58,14920466234565.3,14996414166715.1,10627.4637989619,1411100000.0,34.0389507864581
CHN,China,PARTNER,2021,344074977062.48,16199162892908.6,18201698719564.0,12887.4357242941,1412360000.0,36.5206911762676
CHN,China,PARTNER,2022,190203789092.51,16706875253648.5,18316765021690.2,12970.6056414327,1412175000.0,37.440719876366
CHN,China,PARTNER,2023,51338076801.59,17611526369126.6,18270356654533.2,12951.1782397043,1410710000.0,36.1051923691138
CHN,China,PARTNER,2024,18556141172.84,18488114837769.3,18743803170827.2,13303.1481543868,1408975000.0,37.1984201388065
EUU,European Union,PARTNER,2000,634200506229.248,11319869909643.6,7288481048952.25,16976.0452668705,429339162.0,71.5705362040384
EUU,European Union,PARTNER,2001,366360079035.895,11564508558513.0,7407615944962.45,17230.6480095869,429909307.0,70.7299712766562
EUU,European Union,PARTNER,2002,295298465434.405,11691451596944.9,8100430284893.67,18797.8116316074,430924112.0,68.4361613375131
EUU,European Union,PARTNER,2003,293768597752.735,11800997102454.8,9956860723577.65,23020.9558032659,432512916.0,67.3582061795863
EUU,European Union,PARTNER,2004,314210792152.141,12107812246876.8,11449101966447.2,26368.6780464333,434193248.0,70.3968764065819
EUU,European Union,PARTNER,2005,732553887351.659,12347980270825.7,11954349375612.0,27431.4991030834,435789139.0,73.5521063042338
EUU,European Union,PARTNER,2006,914388369612.78,12788499501424.8,12768357074578.4,29200.5809467343,437263803.0,77.9839957210495
EUU,European Union,PARTNER,2007,1479575647574.99,13190293140115.9,14789471689508.0,33704.6636441399,438796003.0,79.7970825624113
EUU,European Union,PARTNER,2008,825460956900.288,13271807422071.9,16364455236166.7,37169.0746850842,440270719.0,80.7845229076774
EUU,European Union,PARTNER,2009,585517909000.086,12699515364509.5,14844813523140.0,33632.0748456258,441388573.0,70.5061117229528
EUU,European Union,PARTNER,2010,480128559624.506,12976593517674.0,14641773544950.6,33119.5673211775,442088310.0,78.282201525606
EUU,European Union,PARTNER,2011,903651733603.218,13231012723603.5,15874713437636.1,35963.3147849808,441414078.0,83.4716468978193
EUU,European Union,PARTNER,2012,582411385398.083,13129872603290.2,14731876146120.7,33324.7709896821,442069839.0,85.0872994138992
EUU,European Union,PARTNER,2013,613498236804.181,13125534418029.3,15398507628838.6,34804.7281200997,442425741.0,84.7802544688451
EUU,European Union,PARTNER,2014,468473023861.312,13339837928675.8,15763596442222.6,35590.1004559069,442920819.0,85.494561926335
EUU,European Union,PARTNER,2015,849890812406.505,13656252620703.3,13656252620703.3,30771.6568591261,443793218.0,86.6784748227273
EUU,European Union,PARTNER,2016,729126074548.51,13918449980505.1,13988147697216.6,31456.8971280656,444676652.0,85.784351990334
EUU,European Union,PARTNER,2017,591455183723.147,14310687274644.1,14871313684625.8,33394.5888043692,445321060.0,88.7153567222581
EUU,European Union,PARTNER,2018,133983702758.315,14603544059407.1,16092403309151.5,36054.953230113,446329890.0,90.4287944304584
EUU,European Union,PARTNER,2019,582178363188.55,14877396575749.2,15809073096211.4,35374.1403676934,446910453.0,90.5535185606555
EUU,European Union,PARTNER,2020,178618904096.684,14047404390856.4,15504055464107.4,34694.7035869195,446870959.0,83.8178454761989
EUU,European Union,PARTNER,2021,684481966450.194,14943312743921.6,17495226733585.2,39206.9791776084,446227358.0,91.2031115580478
EUU,European Union,PARTNER,2022,238778768818.174,15475526647498.2,17023612496380.4,38066.8844892624,447202673.0,103.706433693426
EUU,European Union,PARTNER,2023,-257265650199.722,15545835479247.4,18659133072074.8,41566.5741100785,448897545.0,95.2160371763138
EUU,European Union,PARTNER,2024,298211533521.557,15711329898680.8,19497115588443.6,43304.9642561331,450228188.0,91.6513434875625
IDN,Indonesia,ASEAN,2000,-4550355285.71428,395012382597.556,165021012077.81,763.711124950924,216077790.0,71.4368759173731
IDN,Indonesia,ASEAN,2001,-2977391857.14286,409404526219.842,160446947784.909,732.307093405708,219097902.0,69.7932075256238
IDN,Indonesia,ASEAN,2002,145085548.722222,427825582126.161,195660611165.183,881.002913569131,222088495.0,59.0794617663723
IDN,Indonesia,ASEAN,2003,-596923827.786241,448277224148.753,234772463823.808,1043.2105838671,225048008.0,53.6164937473016
IDN,Indonesia,ASEAN,2004,1896082770.0,470829486219.898,256836875295.452,1126.84004447173,227926649.0,59.761294836691
IDN,Indonesia,ASEAN,2005,8336257207.64285,497631790442.44,285868619196.085,1238.21447629488,230871650.0,63.9879358688635
IDN,Indonesia,ASEAN,2006,4914201435.40071,525006275302.523,364570515618.357,1558.31562847163,233951652.0,56.6571268148867
IDN,Indonesia,ASEAN,2007,6928480000.0,558318040161.892,432216737774.861,1823.21976255073,237062337.0,54.8292499782075
IDN,Indonesia,ASEAN,2008,9318453649.82664,591893632243.067,510228634992.258,2124.55483920618,240157903.0,58.5613996312961
IDN,Indonesia,ASEAN,2009,4877369178.4365,619291626017.383,539580085612.401,2218.48541852977,243220028.0,45.5121213687054
IDN,Indonesia,ASEAN,2010,15292009410.5099,657835433773.518,755094157621.936,3065.68348377765,246305322.0,46.7012738758737
IDN,Indonesia,ASEAN,2011,20564938226.7185,698422460479.197,892969104563.171,3579.46442466152,249470032.0,50.1800131841104
IDN,Indonesia,ASEAN,2012,21200778607.8726,740537688618.414,917869913332.649,3632.27254030331,252698525.0,49.5828982992627
IDN,Indonesia,ASEAN,2013,23281742361.5305,781691320690.699,912524136718.018,3566.60284506078,255852467.0,48.6373726752893
IDN,Indonesia,ASEAN,2014,25120732059.5134,820828013230.588,890814755533.537,3441.06808464008,258877399.0,48.0801755855227
IDN,Indonesia,ASEAN,2015,19779127976.9576,860854232686.214,860854232686.214,3288.22269725538,261799249.0,41.9376402415294
IDN,Indonesia,ASEAN,2016,4541713739.23769,904181621780.388,931877364037.698,3521.46943457574,264627418.0,37.4213418023318
IDN,Indonesia,ASEAN,2017,20510310832.4469,950021694164.001,1015618744159.73,3798.88326174526,267346658.0,39.3554970704606
IDN,Indonesia,ASEAN,2018,18909826043.5105,999178586309.021,1042271532988.63,3860.95353090726,269951846.0,43.0743089552002
IDN,Indonesia,ASEAN,2019,24993551748.0098,1049330233997.45,1119099871350.2,4106.94856160358,272489381.0,37.6277775357108
IDN,Indonesia,ASEAN,2020,19175077747.8077,1027656193885.38,1059054842698.48,3853.70288774146,274814866.0,32.9721754002427
IDN,Indonesia,ASEAN,2021,21213080329.8582,1065709127396.86,1186509691086.73,4287.17313995098,276758053.0,40.2047582749671
IDN,Indonesia,ASEAN,2022,24702029705.0926,1122268412650.2,1319101183380.15,4730.83484836107,278830529.0,45.4646701959453
IDN,Indonesia,ASEAN,2023,21543358781.3828,1178932006499.5,1371169301563.62,4876.30774512252,281190067.0,41.3362868707652
IDN,Indonesia,ASEAN,2024,24275445280.2272,1238236350136.56,1396300098190.97,4925.43048751861,283487931.0,42.572647301834
JPN,Japan,PARTNER,2000,10688168325.6084,3986755544463.82,4968359075956.59,39169.3595701504,126843000.0,19.5623715839054
JPN,Japan,PARTNER,2001,4926033619.1846,4002148544212.9,4374711694090.87,34406.1824638092,127149000.0,19.5596044720071
JPN,Japan,PARTNER,2002,11557373873.9418,4003827945767.2,4182846045873.61,32820.7936433254,127445000.0,20.4471220661583
JPN,Japan,PARTNER,2003,8771535612.31507,4065291729517.45,4519561645253.53,35387.0374203599,127718000.0,21.3261252678119
JPN,Japan,PARTNER,2004,7527948175.22323,4154163710039.3,4893116005656.56,38298.9801712303,127761000.0,23.6643534228975
JPN,Japan,PARTNER,2005,5459618342.94078,4229100705435.58,4831467035389.8,37812.8950199948,127773000.0,26.2299545778565
JPN,Japan,PARTNER,2006,-2396909736.30511,4287138774362.24,4601663122649.92,35991.546002862,127854000.0,30.0163760986692
JPN,Japan,PARTNER,2007,21631204435.6846,4350758602405.54,4579750920354.81,35779.0245416427,128001000.0,32.816578051879
JPN,Japan,PARTNER,2008,24624845329.5647,4297492743392.88,5106679115127.3,39876.3039685725,128063000.0,34.1294765412245
JPN,Japan,PARTNER,2009,12226471578.7438,4052826324003.77,5289493117993.89,41308.9968370512,128047000.0,24.3901665338555
JPN,Japan,PARTNER,2010,7440979284.16285,4218907820178.57,5759071769013.11,44968.1562349739,128070000.0,28.4984726938389
JPN,Japan,PARTNER,2011,-850717035.068238,4219912322040.1,6233147172341.35,48760.0789494211,127833000.0,30.1949607286296
JPN,Japan,PARTNER,2012,546962692.190725,4277925608846.49,6272362996105.03,49145.2804308193,127629000.0,30.4709109171752
JPN,Japan,PARTNER,2013,10648441636.2071,4363702302793.37,5212328181166.18,40898.6478964744,127445000.0,33.9787686509511
JPN,Japan,PARTNER,2014,19752249424.087,4376627829634.98,4896994405353.29,38475.3952461838,127276000.0,37.4314345686579
JPN,Japan,PARTNER,2015,5252218412.39171,4444930651964.18,4444930651964.18,34960.6393843385,127141000.0,35.4274083544798
JPN,Japan,PARTNER,2016,40954181468.5533,4478437728050.46,5003677627544.24,39375.4731620781,127076000.0,31.3102468455884
JPN,Japan,PARTNER,2017,18802251208.1068,4553466417290.11,4930837369151.42,38834.0529341227,126972000.0,34.4232135721686
JPN,Japan,PARTNER,2018,25289367857.8518,4582763011478.55,5040880939324.86,39751.1330982711,126811000.0,36.609931802107
JPN,Japan,PARTNER,2019,39960544340.0141,4564332550096.38,5117993853016.51,40415.9567649547,126633000.0,35.2164181084145
JPN,Japan,PARTNER,2020,62584719398.0912,4374056271824.01,5054068005376.28,40028.7341726762,126261000.0,31.335208636773
JPN,Japan,PARTNER,2021,35027163875.7213,4492005937826.88,5039148168861.22,40094.5599795288,125681593.0,36.7384462280698
JPN,Japan,PARTNER,2022,48153832744.0586,4534320578755.85,4262463317796.53,34065.6438962526,125124989.0,46.8129868368938
JPN,Japan,PARTNER,2023,19982140844.5082,4601203385713.7,4213167237905.83,33836.1756271617,124516650.0,45.1508795641248
JPN,Japan,PARTNER,2024,16160318365.9944,4606002855955.13,4027597523550.58,32487.0778047567,123975371.0,46.4069516150859
KHM,Cambodia,ASEAN,2000,118308566.31088,7459479704.67578,3694168979.32019,296.426687526334,12462336.0,110.397125303731
KHM,Cambodia,ASEAN,2001,146481995.063844,8010713670.8994,4145665969.92864,327.500984314444,12658484.0,111.771741244001
KHM,Cambodia,ASEAN,2002,130956363.872694,8512590714.58905,4501227626.62752,350.147276634294,12855241.0,118.269562072288
KHM,Cambodia,ASEAN,2003,81580650.5580651,9387998414.66106,5046693484.31767,386.691123931778,13050968.0,120.074969093599
KHM,Cambodia,ASEAN,2004,131416229.281784,10275886653.5849,5883297159.87352,444.199067529081,13244731.0,131.351481056276
KHM,Cambodia,ASEAN,2005,379180190.600282,11642922159.7044,7066296463.3598,525.797325120926,13439202.0,133.551965265648
KHM,Cambodia,ASEAN,2006,483209382.712787,12917049054.0975,8350531016.65753,612.252648550727,13639028.0,140.348734318483
KHM,Cambodia,ASEAN,2007,867288538.643543,14260222987.8994,10127916459.8983,731.692295125426,13841770.0,133.700023826819
KHM,Cambodia,ASEAN,2008,815180217.958376,15326369460.3469,12174303999.0812,866.283999789749,14053479.0,130.393510678736
KHM,Cambodia,ASEAN,2009,928393617.348897,15950885068.8658,12502901169.7377,875.748936193569,14276810.0,102.2879490147
KHM,Cambodia,ASEAN,2010,1404315448.88529,16760698493.0409,13808673288.0696,952.274616324008,14500726.0,109.998400607758
KHM,Cambodia,ASEAN,2011,1538883424.9002,17981993293.903,16032622023.8265,1088.98152823081,14722584.0,109.790505166814
KHM,Cambodia,ASEAN,2012,1988102944.64495,19357661918.8519,17826536699.8016,1192.80263041673,14945085.0,116.740233418212
KHM,Cambodia,ASEAN,2013,2068470774.00468,20878690156.7817,19807135252.8649,1305.6600972686,15170208.0,124.887552768657
KHM,Cambodia,ASEAN,2014,1853471158.0992,22549052336.9265,22041463967.9009,1431.56396469993,15396772.0,124.454908526693
KHM,Cambodia,ASEAN,2015,1822804151.25711,24174170369.0738,24174170369.0738,1547.32010444393,15623251.0,122.109596815379
KHM,Cambodia,ASEAN,2016,2475915853.65762,26085259688.3373,26556545153.3573,1675.19555711109,15852803.0,122.704555602667
KHM,Cambodia,ASEAN,2017,2788084321.65815,28191654621.9478,29355665909.7905,1826.35391688754,16073372.0,121.155451298689
KHM,Cambodia,ASEAN,2018,3212633447.04469,30665817313.8491,33145892168.8958,2036.67377566578,16274522.0,118.43765541305
KHM,Cambodia,ASEAN,2019,3663032999.47048,33099747942.811,36685356407.7206,2225.87705485686,16481304.0,115.736679072448
KHM,Cambodia,ASEAN,2020,3624644990.13295,31922812945.0881,34818073901.4851,2081.73914242939,16725474.0,122.105396346568
KHM,Cambodia,ASEAN,2021,3483461605.65372,32909177695.673,36790163687.4421,2167.40324198499,16974305.0,146.179846509715
KHM,Cambodia,ASEAN,2022,3578831295.87392,34597385966.8314,39994532959.6074,2325.03050040841,17201724.0,145.873632761406
KHM,Cambodia,ASEAN,2023,3958792378.8864,36329791405.1421,42335646895.7984,2429.74853452838,17423880.0,134.206842395931
KHM,Cambodia,ASEAN,2024,4394647334.3021,38500536184.9646,46352647037.2406,2627.87969756224,17638801.0,143.447009703011
KOR,"Korea, Rep.",PARTNER,2000,11509400000.0,835011437852.054,597487173479.109,12710.2995795579,47008111.0,64.0588155729056
KOR,"Korea, Rep.",PARTNER,2001,6522300000.0,874473540684.493,567564806235.441,11981.4828218758,47370164.0,60.4277386641693
KOR,"Korea, Rep.",PARTNER,2002,5475100000.0,942192762521.074,650014391470.21,13642.9424537101,47644736.0,56.6688767960273
KOR,"Korea, Rep.",PARTNER,2003,7010000000.0,971162614185.718,728516494684.269,15211.5483770422,47892330.0,59.4242945541732
KOR,"Korea, Rep.",PARTNER,2004,13294400000.0,1021504157422.6,823251107638.814,17121.6301633201,48082519.0,67.9270638751076
KOR,"Korea, Rep.",PARTNER,2005,13643200000.0,1066023726231.41,971740329983.878,20167.0474902506,48184561.0,66.1695148242697
KOR,"Korea, Rep.",PARTNER,2006,9161900000.0,1121936729365.41,1095175538508.19,22609.7059431449,48438292.0,68.3749509402263
KOR,"Korea, Rep.",PARTNER,2007,8826900000.0,1187479862374.9,1220911904593.06,25078.4853957105,48683638.0,71.3239614988013
KOR,"Korea, Rep.",PARTNER,2008,11187500000.0,1223156560996.14,1091580692542.34,22252.3125108061,49054708.0,92.0833544961819
KOR,"Korea, Rep.",PARTNER,2009,9021900000.0,1233184753860.86,983065242417.36,19937.3029137734,49307835.0,83.1246099057162
KOR,"Korea, Rep.",PARTNER,2010,9497400000.0,1319281537670.41,1192830015737.68,24071.2620526362,49554112.0,88.0278677123124
KOR,"Korea, Rep.",PARTNER,2011,9773000000.0,1367937063745.25,1307103477219.1,26175.2398553363,49936638.0,101.68061646213
KOR,"Korea, Rep.",PARTNER,2012,9495900000.0,1402787524457.73,1335343586437.67,26600.5477433903,50199853.0,101.51727207905
KOR,"Korea, Rep.",PARTNER,2013,12766600000.0,1448958816285.78,1434669686501.84,28449.3591104972,50428893.0,94.1675235855873
KOR,"Korea, Rep.",PARTNER,2014,9273600000.0,1495538208413.16,1556252422020.44,30667.0912467447,50746659.0,86.9342577972039
KOR,"Korea, Rep.",PARTNER,2015,4104100000.0,1539212301135.55,1539212301135.55,30171.7906545222,51014947.0,75.3881774564907
KOR,"Korea, Rep.",PARTNER,2016,12104300000.0,1588028842393.05,1579150518945.44,30832.0628072516,51217803.0,69.8997221316919
KOR,"Korea, Rep.",PARTNER,2017,17912900000.0,1642548917819.59,1710196756713.17,33296.9845439195,51361911.0,73.1921408264016
KOR,"Korea, Rep.",PARTNER,2018,12182600000.0,1694718171579.25,1824251454306.83,35363.9508228687,51585058.0,74.7075162140824
KOR,"Korea, Rep.",PARTNER,2019,9634300000.0,1733930596323.25,1751045752054.63,33826.9443301597,51764822.0,71.4470632403511
KOR,"Korea, Rep.",PARTNER,2020,8764900000.0,1721788880530.99,1744070276373.34,33645.7719545073,51836239.0,65.544957860621
KOR,"Korea, Rep.",PARTNER,2021,22060400000.0,1801214449834.76,1942313560965.9,37518.4635305697,51769539.0,75.3063047610912
KOR,"Korea, Rep.",PARTNER,2022,25044700000.0,1850343736945.76,1799363116866.52,34822.4048404971,51672569.0,90.5851475278549
KOR,"Korea, Rep.",PARTNER,2023,18599100000.0,1879634949821.72,1844800934391.54,35674.095995632,51712619.0,82.2580090716629
KOR,"Korea, Rep.",PARTNER,2024,12862500000.0,1917295522781.86,1875388209406.8,36238.639908315,51751065.0,84.6424951192038
LAO,Lao PDR,ASEAN,2000,33890000.0,4981659930.07599,1731198022.46763,318.749852236965,5431212.0,68.8373013678325
LAO,Lao PDR,ASEAN,2001,23904284.1333333,5268175760.92381,1768619058.34647,320.316005439568,5521482.0,65.8994368798482
LAO,Lao PDR,ASEAN,2002,4451297.0311068,5579985581.01999,1758176653.07746,313.350817148131,5610889.0,67.2549028523532
LAO,Lao PDR,ASEAN,2003,19484000.8001106,5918523434.75225,2023324407.28414,355.097216151461,5697945.0,60.572095882788
LAO,Lao PDR,ASEAN,2004,16917263.0,6294805131.65111,2366398119.86321,409.296298284117,5781626.0,66.0797516222837
LAO,Lao PDR,ASEAN,2005,27720000.0,6742212710.02267,2735558734.7379,466.061506997741,5869523.0,71.7926462737852
LAO,Lao PDR,ASEAN,2006,187310641.0,7323341971.83126,3455030060.9785,579.391947440719,5963200.0,81.9613754162421
LAO,Lao PDR,ASEAN,2007,323520000.0,7879683723.91001,4223152739.04052,697.323013673925,6056236.0,79.2126289035269
LAO,Lao PDR,ASEAN,2008,227770000.0,8496261313.36707,5446433157.40114,885.747376088762,6148969.0,81.8491820941317
LAO,Lao PDR,ASEAN,2009,318598209.09,9133631713.05317,5836137329.63305,935.03237283283,6241642.0,76.930826218652
LAO,Lao PDR,ASEAN,2010,278805903.12,9912447859.53224,7131771014.70456,1125.91610151261,6334194.0,84.7203378916677
LAO,Lao PDR,ASEAN,2011,300743507.13,10709275115.0696,8750104617.17303,1361.54704394913,6426590.0,91.6986958680216
LAO,Lao PDR,ASEAN,2012,617755394.539664,11568812077.4386,10192846339.4029,1563.5650771337,6518978.0,98.1851264313662
LAO,Lao PDR,ASEAN,2013,681397257.103792,12497359667.4702,11983252626.5452,1812.51774424651,6611385.0,98.1791466159604
LAO,Lao PDR,ASEAN,2014,867646121.708671,13448654116.2974,13279245886.3854,1981.03910900473,6703172.0,99.0597382933399
LAO,Lao PDR,ASEAN,2015,1077759914.58895,14426380125.6488,14426380125.6488,2121.01339097363,6801645.0,85.798321703681
LAO,Lao PDR,ASEAN,2016,935296172.783646,15439521179.3987,15912501722.6143,2303.22156035363,6908802.0,75.0918909204124
LAO,Lao PDR,ASEAN,2017,1686287305.36006,16503694943.2856,17071155481.4994,2432.43059478511,7018147.0,
LAO,Lao PDR,ASEAN,2018,1358019506.22958,17534839203.1116,18141641089.7963,2545.1075420815,7128045.0,
LAO,Lao PDR,ASEAN,2019,755524124.249368,18491844275.7106,18740561512.5555,2589.32081035237,7237636.0,
LAO,Lao PDR,ASEAN,2020,967706086.202045,18584864138.19,18981805250.2424,2583.77730696131,7346533.0,
LAO,Lao PDR,ASEAN,2021,1071913715.60885,19054754737.3799,18827148530.9347,2526.05105018529,7453194.0,
LAO,Lao PDR,ASEAN,2022,726273736.492143,19570648221.6862,15468785203.7532,2046.40440255621,7559007.0,
LAO,Lao PDR,ASEAN,2023,1781176779.47452,20303702352.295,15843155731.2552,2066.94979776957,7664993.0,
LAO,Lao PDR,ASEAN,2024,988457806.788528,21142284373.3842,16502933121.3379,2123.97909415109,7769819.0,
MMR,Myanmar,ASEAN,2000,254789765.469466,13523413252.2448,8905066163.58643,196.619580625284,45290841.0,
MMR,Myanmar,ASEAN,2001,208303564.372066,15057508855.3381,6477790688.22844,141.525660705722,45771139.0,
MMR,Myanmar,ASEAN,2002,150511225.813866,16868251605.5673,6777632512.0781,146.598390364449,46232653.0,
MMR,Myanmar,ASEAN,2003,248882510.026366,19203491833.3034,10467109977.6717,224.292688912409,46667192.0,
MMR,Myanmar,ASEAN,2004,211364294.975748,21808380519.0128,10567354056.4049,224.508811413327,47068772.0,
MMR,Myanmar,ASEAN,2005,234904379.027598,24767548772.168,11986972418.5103,252.685193060728,47438365.0,
MMR,Myanmar,ASEAN,2006,275812653.011391,28006178558.7687,14502553709.8303,303.495087119254,47785135.0,
MMR,Myanmar,ASEAN,2007,709922015.309805,31364521323.9023,20182477480.5512,419.375780725042,48125043.0,
MMR,Myanmar,ASEAN,2008,863880447.312828,34581048770.7151,31862554101.9378,658.442487229705,48390793.0,
MMR,Myanmar,ASEAN,2009,1078972200.98264,38229352561.5845,36906181380.8127,758.442935789255,48660459.0,
MMR,Myanmar,ASEAN,2010,901133534.876797,41912536387.039,49540813342.4834,1010.53417343401,49024382.0,
MMR,Myanmar,ASEAN,2011,2519813313.27459,44256068473.3923,59977326085.9908,1213.62898703376,49419820.0,
MMR,Myanmar,ASEAN,2012,1333856137.27031,47501220127.3631,59937796648.2158,1202.6658960055,49837446.0,
MMR,Myanmar,ASEAN,2013,2254603965.49345,51503673422.1907,60269732854.827,1199.09561597055,50262658.0,
MMR,Myanmar,ASEAN,2014,2175015283.77713,55711475877.0092,65531374210.3224,1293.00042319714,50681634.0,
MMR,Myanmar,ASEAN,2015,4083839111.71186,59607290408.4359,59607290408.4359,1166.73305547935,51089056.0,
MMR,Myanmar,ASEAN,2016,3278096409.87385,63101751664.1065,63298361983.5653,1229.19713491328,51495696.0,
MMR,Myanmar,ASEAN,2017,4804272487.31986,66973743449.8257,66053040475.0257,1272.82241815234,51894938.0,
MMR,Myanmar,ASEAN,2018,1768195522.55912,71172235146.7291,67860515993.1186,1298.21310327675,52272247.0,
MMR,Myanmar,ASEAN,2019,1735589412.93376,75854734834.642,75065106243.3578,1425.98954241668,52640713.0,
MMR,Myanmar,ASEAN,2020,1907154040.0,68991135074.4517,79006113670.2831,1490.21683599469,53016522.0,
MMR,Myanmar,ASEAN,2021,2066606470.0,60700903303.7127,66345291149.4433,1242.7213439951,53387102.0,
MMR,Myanmar,ASEAN,2022,1238500000.0,63151698290.198,62253049903.28,1158.05005055976,53756787.0,
MMR,Myanmar,ASEAN,2023,1520172000.0,63756973611.1702,66757619000.0,1233.19666209269,54133798.0,
MMR,Myanmar,ASEAN,2024,1095317000.0,63137226235.7415,74068349523.8095,1359.05001560107,54500091.0,
MYS,Malaysia,ASEAN,2000,3787631578.94736,148271359064.948,93789736842.1053,4083.52874483605,22967816.0,220.406788982074
MYS,Malaysia,ASEAN,2001,553947368.421052,149038923296.259,92783947368.4211,3943.79943910239,23526538.0,203.364636010653
MYS,Malaysia,ASEAN,2002,3192894736.8421,157073594223.932,100845526315.789,4184.03163773539,24102477.0,199.356232695655
MYS,Malaysia,ASEAN,2003,3218947368.42105,166165798103.902,110202368421.053,4465.32194567208,24679602.0,194.195129056831
MYS,Malaysia,ASEAN,2004,4376052631.57894,177437551536.374,124749473684.211,4939.24851854427,25256772.0,210.374265897124
MYS,Malaysia,ASEAN,2005,3924786634.73868,186898768708.901,143534405818.501,5555.58179951206,25836071.0,203.854644595624
MYS,Malaysia,ASEAN,2006,7690731245.66746,197336779111.682,162692258307.056,6158.40785533236,26417909.0,202.577146840398
MYS,Malaysia,ASEAN,2007,9071369834.83859,209766600383.972,193549569477.733,7168.93031942508,26998389.0,192.465506357652
MYS,Malaysia,ASEAN,2008,7572512432.33634,219902039818.778,230811614370.384,8371.82156086005,27570059.0,176.668324785148
MYS,Malaysia,ASEAN,2009,114664434.56228,216573759299.08,202257453036.641,7191.43287234626,28124778.0,162.558970452699
MYS,Malaysia,ASEAN,2010,10885801851.6194,232654030399.227,255017638455.59,8899.34505544675,28655776.0,157.944764886771
MYS,Malaysia,ASEAN,2011,15119439203.9543,244970531973.676,297951668674.835,10217.1068585031,29162039.0,154.937684607226
MYS,Malaysia,ASEAN,2012,8895774250.70401,258378881826.473,314443047642.111,10600.5744240026,29662831.0,147.841754766013
MYS,Malaysia,ASEAN,2013,11296279513.9209,270506469604.101,323276235524.415,10713.6407638899,30174265.0,142.720991464873
MYS,Malaysia,ASEAN,2014,10619431582.9781,286755041078.03,338066095097.254,11013.3107334403,30696137.0,138.312231176843
MYS,Malaysia,ASEAN,2015,9857162111.82329,301355266964.947,301355266964.947,9648.6797937523,31232798.0,131.37007244526
MYS,Malaysia,ASEAN,2016,13470089920.807,314764917575.088,301256033870.334,9476.53409809923,31789685.0,126.8990100257
MYS,Malaysia,ASEAN,2017,9368469822.66145,333061328477.268,319109094160.343,9862.54806612235,32355644.0,133.155173371956
MYS,Malaysia,ASEAN,2018,8304480741.65266,349191778300.005,358788845712.53,10901.8019954421,32910967.0,130.402625502126
MYS,Malaysia,ASEAN,2019,9154921685.03934,364602265936.14,365177721021.516,10920.191763972,33440596.0,123.028562027943
MYS,Malaysia,ASEAN,2020,4058769678.64231,344706479641.244,337456163961.211,9957.52626697613,33889558.0,116.788182437638
MYS,Malaysia,ASEAN,2021,20245157326.8023,356134704342.139,373784553029.978,10903.1037480772,34282399.0,134.035994690727
MYS,Malaysia,ASEAN,2022,15027992710.6144,388299855024.742,407830525989.553,11754.5678336248,34695493.0,146.424604753908
MYS,Malaysia,ASEAN,2023,7918601050.23635,402034268648.217,399949418752.657,11386.0395636528,35126298.0,132.593461641599
MYS,Malaysia,ASEAN,2024,15593246086.7664,422559964245.24,422227005428.688,11874.4273684245,35557673.0,137.362571161559
PHL,Philippines,ASEAN,2000,1487000000.0,142796015521.852,83669788376.9213,1050.79273107952,79625397.0,85.1533684600039
PHL,Philippines,ASEAN,2001,760000000.0,147150196386.034,78921234457.5487,969.530611744453,81401488.0,84.9003886237531
PHL,Philippines,ASEAN,2002,1769000000.0,152618672919.07,84307345887.543,1014.90879320106,83068889.0,83.8448040937789
PHL,Philippines,ASEAN,2003,492000000.0,160382249186.079,87039092974.2272,1027.2301192843,84731835.0,87.5746443636636
PHL,Philippines,ASEAN,2004,592000000.0,170918125627.487,95001999685.3314,1099.63013023758,86394504.0,87.1252848232048
PHL,Philippines,ASEAN,2005,1664000000.0,179365762735.543,107419977318.166,1220.46018559867,88015962.0,83.8456745708051
PHL,Philippines,ASEAN,2006,2707414996.79964,188901594317.393,127652926368.069,1426.14649179546,89508986.0,80.8505386728775
PHL,Philippines,ASEAN,2007,2918724840.50407,201216639993.9,155980408673.403,1712.65543282793,91075184.0,73.6449799920629
PHL,Philippines,ASEAN,2008,1340027563.20325,209958471374.167,181624626327.361,1959.29233534978,92699095.0,67.6810707730401
PHL,Philippines,ASEAN,2009,2064620677.76657,212999348337.291,175974755881.372,1864.45043406471,94384250.0,60.8865907869758
PHL,Philippines,ASEAN,2010,1070386939.91896,228621785456.625,208368893151.144,2162.91375885614,96337125.0,66.1042785137797
PHL,Philippines,ASEAN,2011,2007150725.40003,237442546234.973,234216730291.32,2383.91892522087,98248614.0,60.7958366999075
PHL,Philippines,ASEAN,2012,3215415155.43566,253818843989.004,261920540962.63,2614.61644401308,100175512.0,57.8420055133082
PHL,Philippines,ASEAN,2013,3737371739.84519,270952964501.391,283902828588.718,2781.27957677397,102076336.0,55.8247812320298
PHL,Philippines,ASEAN,2014,5739574024.13183,288153024771.696,297483555338.044,2866.83803761407,103767130.0,57.4681720875945
PHL,Philippines,ASEAN,2015,5639155961.87389,306445871242.322,306445871242.322,2909.85818010301,105312992.0,59.1415921053094
PHL,Philippines,ASEAN,2016,8279548274.88501,328355086268.976,318627003016.731,2985.19564024046,106735719.0,61.7760657653871
PHL,Philippines,ASEAN,2017,10256442398.8834,351113338965.581,328480736802.76,3038.12124959289,108119693.0,68.1683697426727
PHL,Philippines,ASEAN,2018,9948598823.96867,373379140695.818,346841896587.313,3168.51036609727,109465287.0,72.1633982990273
PHL,Philippines,ASEAN,2019,8671365873.65689,396224439236.642,376823402239.136,3400.78949767074,110804683.0,68.8418422595678
PHL,Philippines,ASEAN,2020,6822133290.81919,358510629276.391,361751145451.597,3227.57910235199,112081264.0,58.1695603022281
PHL,Philippines,ASEAN,2021,11983363327.4771,378998554988.857,394087359848.11,3484.38593882819,113100950.0,63.4846098136712
PHL,Philippines,ASEAN,2022,9492234668.1091,407730367707.393,404353369604.631,3548.06930572116,113964338.0,72.4296836107599
PHL,Philippines,ASEAN,2023,8925128471.59541,430232801525.652,437055627244.424,3804.08274131097,114891199.0,67.4199693173966
PHL,Philippines,ASEAN,2024,9398326659.59308,454721721977.445,461617509782.355,3984.8315387656,115843670.0,65.8854725286968
SGP,Singapore,ASEAN,2000,15515295182.2254,140533304238.721,96076539925.7409,23852.8389514753,4027887.0,364.364520468218
SGP,Singapore,ASEAN,2001,17006818857.2728,139028385430.873,89793790669.6515,21699.7414868907,4138012.0,349.292105694978
SGP,Singapore,ASEAN,2002,6157194143.82423,144482970559.889,92538372869.6942,22159.8373710639,4175950.0,349.746013985676
SGP,Singapore,ASEAN,2003,17051420152.8733,151054425108.65,97646401095.6369,23730.3840054566,4114826.0,377.218564301581
SGP,Singapore,ASEAN,2004,24390254965.552,166069208808.394,115033593101.049,27608.080013423,4166664.0,401.523712538509
SGP,Singapore,ASEAN,2005,19316058814.0753,178302402123.907,127807848728.398,29961.3172812732,4265762.0,420.430512920559
SGP,Singapore,ASEAN,2006,39129332046.656,194361682395.941,148627286361.351,33768.4528234651,4401365.0,425.363399543019
SGP,Singapore,ASEAN,2007,47337947782.7751,211896059498.482,180941701357.97,39432.8860198877,4588599.0,394.288471919078
SGP,Singapore,ASEAN,2008,13598298537.0174,215844707508.228,193617323539.203,40008.5720489092,4839396.0,437.326714891057
SGP,Singapore,ASEAN,2009,23436064059.7506,216120888113.033,194150283771.566,38926.8054365453,4987573.0,358.192811828842
SGP,Singapore,ASEAN,2010,55322434161.874,247501100140.018,239807980591.24,47236.683084953,5076732.0,369.685555787646
SGP,Singapore,ASEAN,2011,49155657316.2945,262883130580.256,279356499090.458,53891.4570264372,5183688.0,379.098631377539
SGP,Singapore,ASEAN,2012,55310807547.7033,274543305511.611,295092888076.589,55547.5553077786,5312437.0,369.212965787665
SGP,Singapore,ASEAN,2013,64389514904.4993,287769788882.221,307576360584.992,56967.4257940383,5399162.0,367.041780049019
SGP,Singapore,ASEAN,2014,68698472830.5907,299095084828.978,314863580758.455,57564.8023114977,5469724.0,360.467319166237
SGP,Singapore,ASEAN,2015,69774553124.9431,307998545269.398,307998545269.398,55645.6068614606,5535002.0,329.471398940262
SGP,Singapore,ASEAN,2016,65133174223.0873,319541032495.045,319646468521.497,57005.5887176547,5607283.0,302.839656046574
SGP,Singapore,ASEAN,2017,101970056302.84,333846562289.746,343673334902.33,61236.251270627,5612253.0,316.794409287568
SGP,Singapore,ASEAN,2018,86126491248.6639,345370865382.867,377123710560.614,66881.6067035265,5638676.0,326.59658728675
SGP,Singapore,ASEAN,2019,106174185547.865,349888458531.086,376161998830.048,65952.0378959293,5703569.0,324.394985115301
SGP,Singapore,ASEAN,2020,79322385229.1189,336541232520.503,349165858544.568,61410.0792630788,5685807.0,332.040805481913
SGP,Singapore,ASEAN,2021,142313339701.522,369376902514.865,436591382250.464,80056.1288247844,5453566.0,329.161383683762
SGP,Singapore,ASEAN,2022,144147823984.526,384550906479.006,509017841146.557,90299.0694637269,5637022.0,332.34956775484
SGP,Singapore,ASEAN,2023,125786783506.69,391555143381.885,505439514078.019,85412.230345235,5917648.0,325.69322405378
SGP,Singapore,ASEAN,2024,135077157183.126,408736675576.891,547386645891.847,90674.066632628,6036860.0,322.371427934716
THA,Thailand,ASEAN,2000,3365987582.58309,221454615181.944,126392224253.794,2005.97694514234,63007815.0,121.297955351472
THA,Thailand,ASEAN,2001,5067170388.09022,229082063572.247,120296476180.402,1889.93432467144,63651141.0,120.267966273533
THA,Thailand,ASEAN,2002,3341612007.23692,243168402250.2,134300904400.022,2089.75183111554,64266437.0,114.969743021067
THA,Thailand,ASEAN,2003,5232270340.1941,260650370324.981,152280615245.887,2347.54001286066,64868166.0,116.692819704865
THA,Thailand,ASEAN,2004,5860255942.60102,277043563911.345,172895685154.658,2641.56268717857,65452047.0,127.411873720393
THA,Thailand,ASEAN,2005,8215637195.30001,288645146658.334,189318408468.595,2867.70383436062,66017420.0,137.853866832247
THA,Thailand,ASEAN,2006,8917470351.2,302984491694.587,221758296021.621,3331.32043511773,66567687.0,134.086946191268
THA,Thailand,ASEAN,2007,8633903440.6,319452158416.903,262942621455.053,3918.52817434581,67102394.0,129.873226989717
THA,Thailand,ASEAN,2008,8561557724.60001,324964940636.733,291382982430.951,4309.13509292986,67619830.0,140.437011540931
THA,Thailand,ASEAN,2009,6411458544.60001,322720673508.111,281710630187.319,4135.43986952819,68121080.0,119.269418854589
THA,Thailand,ASEAN,2010,14746672919.5999,346967938038.265,341104766329.17,4973.86288823778,68579447.0,127.250522638251
THA,Thailand,ASEAN,2011,2473685995.7,349882927003.633,370818739623.622,5373.6232832898,69007208.0,139.675407224576
THA,Thailand,ASEAN,2012,12899036062.7558,375224234353.836,397558325278.579,5725.52802835463,69436098.0,137.67493851024
THA,Thailand,ASEAN,2013,15935960664.8073,385308369004.167,420333654592.547,6018.08244729255,69845114.0,132.462274174269
THA,Thailand,ASEAN,2014,4975455660.4459,389101609925.933,407339040197.651,5801.1978916205,70216367.0,130.905495444398
THA,Thailand,ASEAN,2015,8927579182.16216,401296238228.084,401296238228.084,5688.85335397884,70540795.0,124.839662152526
THA,Thailand,ASEAN,2016,3486184390.30069,415081396923.293,413366349747.508,5833.57715617098,70859841.0,120.57522728913
THA,Thailand,ASEAN,2017,8285169819.69135,432422173710.333,456356813536.764,6413.09182530343,71160187.0,120.891427433638
THA,Thailand,ASEAN,2018,13747219811.1792,450682801200.339,506754208404.485,7099.77650081458,71376079.0,120.841864730984
THA,Thailand,ASEAN,2019,5534140214.60468,460212749509.626,543976691793.886,7605.69657797759,71522271.0,109.689514715166
THA,Thailand,ASEAN,2020,-4293910676.95961,432369701127.278,500461898480.246,6985.64393892574,71641484.0,97.8007432465178
THA,Thailand,ASEAN,2021,15389597696.242,439080796986.82,506194668789.937,7057.20754802279,71727332.0,117.252944620852
THA,Thailand,ASEAN,2022,11854822037.8762,450410744554.857,495644697587.661,6909.35281815827,71735329.0,132.858712082871
THA,Thailand,ASEAN,2023,10327587425.687,459498911646.803,515906283940.933,7195.10130919449,71702435.0,128.824114152375
THA,Thailand,ASEAN,2024,14302158846.415,471178549995.253,526517658841.684,7346.62022142185,71668011.0,136.747107022451
USA,United States,PARTNER,2000,349125000000.0,13650948362520.0,10250947997000.0,36329.9560727102,282162411.0,25.1029953595813
USA,United States,PARTNER,2001,172496000000.0,13781388409036.2,10581929774000.0,37133.623113437,284968955.0,22.967181335596
USA,United States,PARTNER,2002,111055000000.0,14015733659783.6,10929112955000.0,37997.7596573051,287625193.0,22.2863741094897
USA,United States,PARTNER,2003,117106000000.0,14407558345762.9,11456442041000.0,39490.2749557007,290107933.0,22.6273130062789
USA,United States,PARTNER,2004,213641000000.0,14961928297813.8,12217193198000.0,41724.6316287624,292805298.0,24.4480622643257
USA,United States,PARTNER,2005,142344000000.0,15483134541390.2,13039199193000.0,44123.4070679055,295516599.0,25.6385530316517
USA,United States,PARTNER,2006,298463000000.0,15914268559668.9,13815586948000.0,46302.0008800056,298379912.0,26.9752780973197
USA,United States,PARTNER,2007,346613000000.0,16233167950743.9,14474226905000.0,48050.2237771135,301231207.0,28.0120176822667
USA,United States,PARTNER,2008,341092000000.0,16251606759787.8,14769857911000.0,48570.0459804586,304093966.0,29.8677957945319
USA,United States,PARTNER,2009,161083000000.0,15832884074310.8,14478064934000.0,47194.9433547336,306771529.0,24.7595311689876
USA,United States,PARTNER,2010,264039000000.0,16259610790677.0,15048964444000.0,48642.6100179312,309378227.0,28.2198952346731
USA,United States,PARTNER,2011,263497000000.0,16513977256911.2,15599728123000.0,50024.868799398,311839461.0,30.8424862411943
USA,United States,PARTNER,2012,250345000000.0,16892000920975.5,16253972230000.0,51708.4011556577,314339099.0,30.6818353657295
USA,United States,PARTNER,2013,288131000000.0,17249744800617.5,16843190993000.0,53179.0127634561,316726282.0,30.0079539684645
USA,United States,PARTNER,2014,251856000000.0,17685097277697.8,17550680174000.0,54973.4207515712,319257560.0,30.0044781614855
USA,United States,PARTNER,2015,511434000000.0,18206020741000.0,18206020741000.0,56572.9188996063,321815121.0,27.8235649187872
USA,United States,PARTNER,2016,474388000000.0,18537270454435.6,18695110842000.0,57638.1018367192,324353340.0,26.6079620604584
USA,United States,PARTNER,2017,380823000000.0,18992846546661.7,19477336549000.0,59635.0984397965,326608609.0,27.3130208877206
USA,United States,PARTNER,2018,214715000000.0,19556270302218.3,20533057312000.0,62499.8744390068,328529577.0,27.6103792720958
USA,United States,PARTNER,2019,315984000000.0,20061570168697.6,21380976119000.0,64746.4506778863,330226227.0,26.4537594940475
USA,United States,PARTNER,2020,137066000000.0,19627632559934.5,21060473613000.0,63515.9491807833,331577720.0,23.4015629969394
USA,United States,PARTNER,2021,477956000000.0,20816096100824.5,23315080560000.0,70205.050916026,332099760.0,25.6095576621932
USA,United States,PARTNER,2022,416890000000.0,21339074561820.0,25604848907611.0,76657.2488844403,334017321.0,27.3139397355363
USA,United States,PARTNER,2023,361944000000.0,21955252291273.6,27292170793214.4,81032.262117545,336806231.0,25.2903297883366
USA,United States,PARTNER,2024,297058000000.0,22568462768174.3,28750956130731.2,84534.0407841548,340110988.0,25.3786342507088
VNM,Viet Nam,ASEAN,2000,1298000000.0,93525828108.839,31172518403.3162,404.029784055118,77154011.0,111.417094419512
VNM,Viet Nam,ASEAN,2001,1300000000.0,99317782863.096,32685198808.5549,419.205677580901,77969361.0,111.955937998525
VNM,Viet Nam,ASEAN,2002,1400000000.0,105595482130.707,35064105500.8344,445.132861817313,78772224.0,116.696868652499
VNM,Viet Nam,ASEAN,2003,1450000000.0,112880581486.059,39552513231.9169,497.117089249256,79563777.0,124.327954439125
VNM,Viet Nam,ASEAN,2004,1610000000.0,121387725604.567,45427854693.2554,565.452284586212,80338971.0,133.016497868747
VNM,Viet Nam,ASEAN,2005,1954000000.0,130549157968.493,57633255738.1992,710.746759994861,81088313.0,130.714846045026
VNM,Viet Nam,ASEAN,2006,2400000000.0,139658819217.11,66371664817.0436,807.756645117054,82167897.0,138.313621869598
VNM,Viet Nam,ASEAN,2007,6700000000.0,149615800998.365,77414425532.2452,925.640338348717,83633375.0,154.605383996554
VNM,Viet Nam,ASEAN,2008,9579000000.0,158086705343.275,99130304099.1274,1163.83195772873,85175788.0,154.317479627758
VNM,Viet Nam,ASEAN,2009,7600000000.0,166620063722.291,106014659565.214,1226.16976051536,86460018.0,134.706317721758
VNM,Viet Nam,ASEAN,2010,8000000000.0,177322478338.404,147201173196.979,1683.16182443979,87455152.0,113.977687539714
VNM,Viet Nam,ASEAN,2011,7430000000.0,188694468366.268,172595049183.925,1950.92504174913,88468314.0,125.260577940829
VNM,Viet Nam,ASEAN,2012,8368000000.0,199081239731.688,195590661129.249,2185.11767654291,89510356.0,123.224116745985
VNM,Viet Nam,ASEAN,2013,8900000000.0,210137237901.389,213708811665.34,2359.51736472828,90573104.0,130.846354866743
VNM,Viet Nam,ASEAN,2014,9200000000.0,223632762207.56,233451469642.519,2546.38464459903,91679578.0,135.410521454361
VNM,Viet Nam,ASEAN,2015,11800000000.0,239258328381.741,239258328381.741,2577.56885340113,92823254.0,144.914228195237
VNM,Viet Nam,ASEAN,2016,12600000000.0,255264731908.124,257096001177.982,2735.0604380416,94000117.0,145.409507973118
VNM,Viet Nam,ASEAN,2017,14100000000.0,272980590259.187,281353605986.903,2956.10992127753,95176977.0,160.98008365887
VNM,Viet Nam,ASEAN,2018,15500000000.0,293358610036.841,310106478394.659,3222.31003125366,96237319.0,164.663936775893
VNM,Viet Nam,ASEAN,2019,16120000000.0,314947640805.601,334365270496.667,3440.90025375434,97173776.0,164.704215031408
VNM,Viet Nam,ASEAN,2020,15800000000.0,323972192107.065,346615738537.796,3534.03953482647,98079191.0,163.245862814935
VNM,Viet Nam,ASEAN,2021,15660000000.0,332245562394.77,366474752771.009,3704.1935590038,98935098.0,186.675832836814
VNM,Viet Nam,ASEAN,2022,17900000000.0,360611028837.664,413445230668.578,4147.69777213621,99680655.0,183.153619147836
VNM,Viet Nam,ASEAN,2023,18500000000.0,378876063686.799,433857681378.291,4323.35031982451,100352192.0,164.818071269894
VNM,Viet Nam,ASEAN,2024,20170000000.0,405742875627.919,476388230307.175,4717.29028732449,100987686.0,173.862024782965
